"{{screeningid}}"	"{{variantid}}"
"0000079313"	"0000127952"
"0000079314"	"0000127953"
"0000079314"	"0000128066"
"0000079314"	"0000128067"
"0000079315"	"0000127954"
"0000079315"	"0000128068"
"0000079316"	"0000127955"
"0000079316"	"0000128069"
"0000079316"	"0000128070"
"0000079317"	"0000127956"
"0000079318"	"0000127957"
"0000079319"	"0000127958"
"0000079320"	"0000127959"
"0000079321"	"0000127960"
"0000079321"	"0000128071"
"0000079322"	"0000127961"
"0000079322"	"0000128072"
"0000079323"	"0000127962"
"0000079324"	"0000127963"
"0000079324"	"0000128073"
"0000079324"	"0000128074"
"0000079325"	"0000127964"
"0000079325"	"0000128075"
"0000079325"	"0000128076"
"0000079326"	"0000127965"
"0000079326"	"0000128077"
"0000079326"	"0000128078"
"0000079327"	"0000127966"
"0000079327"	"0000128079"
"0000079327"	"0000128080"
"0000079328"	"0000127967"
"0000079328"	"0000128081"
"0000079328"	"0000128082"
"0000079329"	"0000127968"
"0000079330"	"0000127969"
"0000079331"	"0000127970"
"0000079331"	"0000128083"
"0000079332"	"0000127971"
"0000079332"	"0000128084"
"0000079332"	"0000128085"
"0000079333"	"0000127972"
"0000079333"	"0000128086"
"0000079333"	"0000128087"
"0000079333"	"0000128088"
"0000079334"	"0000127973"
"0000079334"	"0000128089"
"0000079334"	"0000128090"
"0000079335"	"0000127974"
"0000079335"	"0000128091"
"0000079335"	"0000128092"
"0000079336"	"0000127975"
"0000079337"	"0000127976"
"0000079338"	"0000127977"
"0000079338"	"0000128093"
"0000079338"	"0000128094"
"0000079339"	"0000127978"
"0000079339"	"0000128095"
"0000079339"	"0000128096"
"0000079340"	"0000127979"
"0000079341"	"0000127980"
"0000079341"	"0000128097"
"0000079342"	"0000127981"
"0000079342"	"0000128098"
"0000079343"	"0000127982"
"0000079344"	"0000127983"
"0000079345"	"0000127984"
"0000079345"	"0000128099"
"0000079346"	"0000127985"
"0000079347"	"0000127986"
"0000079348"	"0000127987"
"0000079348"	"0000128100"
"0000079349"	"0000127988"
"0000079349"	"0000128101"
"0000079350"	"0000127989"
"0000079350"	"0000128102"
"0000079351"	"0000127990"
"0000079352"	"0000127991"
"0000079353"	"0000127992"
"0000079353"	"0000128103"
"0000079353"	"0000128104"
"0000079354"	"0000127993"
"0000079354"	"0000128105"
"0000079354"	"0000128106"
"0000079354"	"0000128107"
"0000079355"	"0000127994"
"0000079355"	"0000128108"
"0000079355"	"0000128109"
"0000079355"	"0000128110"
"0000079356"	"0000127995"
"0000079356"	"0000128111"
"0000079356"	"0000128112"
"0000079356"	"0000128113"
"0000079357"	"0000127996"
"0000079357"	"0000128114"
"0000079358"	"0000127997"
"0000079358"	"0000128115"
"0000079358"	"0000128116"
"0000079358"	"0000128117"
"0000079359"	"0000127998"
"0000079359"	"0000128118"
"0000079360"	"0000127999"
"0000079361"	"0000128000"
"0000079361"	"0000128119"
"0000079362"	"0000128001"
"0000079362"	"0000128120"
"0000079363"	"0000128002"
"0000079363"	"0000128121"
"0000079364"	"0000128003"
"0000079364"	"0000128122"
"0000079364"	"0000128123"
"0000079364"	"0000128124"
"0000079365"	"0000128004"
"0000079366"	"0000128005"
"0000079366"	"0000128125"
"0000079366"	"0000128126"
"0000079367"	"0000128006"
"0000079367"	"0000128127"
"0000079367"	"0000128128"
"0000079367"	"0000128129"
"0000079368"	"0000128007"
"0000079368"	"0000128130"
"0000079368"	"0000128131"
"0000079368"	"0000128132"
"0000079369"	"0000128008"
"0000079369"	"0000128133"
"0000079369"	"0000128134"
"0000079369"	"0000128135"
"0000079370"	"0000128009"
"0000079371"	"0000128010"
"0000079372"	"0000128011"
"0000079372"	"0000128136"
"0000079372"	"0000128137"
"0000079373"	"0000128012"
"0000079374"	"0000128013"
"0000079374"	"0000128138"
"0000079374"	"0000128139"
"0000079375"	"0000128014"
"0000079375"	"0000128140"
"0000079375"	"0000128141"
"0000079375"	"0000128142"
"0000079376"	"0000128015"
"0000079377"	"0000128016"
"0000079378"	"0000128017"
"0000079378"	"0000128143"
"0000079378"	"0000128144"
"0000079379"	"0000128018"
"0000079380"	"0000128019"
"0000079380"	"0000128145"
"0000079380"	"0000128146"
"0000079381"	"0000128020"
"0000079382"	"0000128021"
"0000079383"	"0000128022"
"0000079383"	"0000128147"
"0000079383"	"0000128148"
"0000079384"	"0000128023"
"0000079384"	"0000128149"
"0000079384"	"0000128150"
"0000079384"	"0000128151"
"0000079385"	"0000128024"
"0000079386"	"0000128025"
"0000079387"	"0000128026"
"0000079388"	"0000128027"
"0000079389"	"0000128028"
"0000079390"	"0000128029"
"0000079391"	"0000128030"
"0000079392"	"0000128031"
"0000079393"	"0000128032"
"0000079394"	"0000128033"
"0000079395"	"0000128034"
"0000079396"	"0000128035"
"0000079397"	"0000128036"
"0000079398"	"0000128037"
"0000079399"	"0000128038"
"0000079400"	"0000128039"
"0000079401"	"0000128040"
"0000079402"	"0000128041"
"0000079403"	"0000128042"
"0000079404"	"0000128043"
"0000079405"	"0000128044"
"0000079406"	"0000128045"
"0000079407"	"0000128046"
"0000079408"	"0000128047"
"0000079409"	"0000128048"
"0000079410"	"0000128049"
"0000079411"	"0000128050"
"0000079412"	"0000128051"
"0000079413"	"0000128052"
"0000079414"	"0000128053"
"0000079415"	"0000128054"
"0000079416"	"0000128055"
"0000079417"	"0000128056"
"0000079418"	"0000128057"
"0000079419"	"0000128058"
"0000079420"	"0000128059"
"0000079421"	"0000128060"
"0000079422"	"0000128061"
"0000079423"	"0000128062"
"0000079424"	"0000128063"
"0000079425"	"0000128064"
"0000079425"	"0000128152"
"0000079426"	"0000128065"